Image Name,OCR Text
21oIBk4SslL.jpg,"SOTeNIng Reliei DulcoEase 100 mg Capsules docusate sodium Softening from Painful, hard dry stools Eioe @psul"" relief"
316fBrdhpXL.jpg,"1.18 in / 3 cm 4,2 in 10.7 cm 1"
31Fa4peIYlL.jpg,Sum Rurcne Joscni ' 4IAINUM MNIMUM Mxacin cII Il} 2eu Jogcin
31ftA3ffHxL.jpg,"""81 Z0 92 0 6 3 ` 1 1"
31i7s0ruvML.jpg,Meat TULIP Chicken Luncheon _
31l6HcAwG3L.jpg,4a EKING DUCKSM 5.0 in Abiay 12 cm
31ltczLPyZL.jpg,11201cm 64.01cm 57.Acm
31MH+TzFzVL.jpg,Was ist drin? Kaferbohnen. Wasser Zucker; Salz Zutaten Weingeistessig Sauerungsmittel: Citronensaure Brennwert 336 kJ 80 kca Fettgehalt 0.6 g Gesatigte Fettsauren Kohlenhydrate 12 9 Zucker Eiiveis 42= Salz
31qrpu7LpFL.jpg,"103,5 cm 35 cm 9 3"
31R9nSEIr7L.jpg,"5.813"""
31TnvU-+cRL.jpg,"HERBAL PRODUCT Each 500m9 Tablot Cointains Branmi 1Oomg Tznam Phulya Pudhna Satva sma Jahr Mohar Khatal Pish?l Tsmo Indication: &nl, 14, TUR, JNTA, CTIET fnlatr 714, 74E177 Dosage Two Times Store cold ary place out 04 reach ol the children: Do not us4 if inner seal boren On ISCE 5480""A55UG4 Ene icog Cnci 1s0mg Tajlots Slorago: Kcap 'Cnbicd C"
31TSgiy74TS.jpg,weifht: 3.1g 6 9cm
31VgjEk5lRL.jpg,JOOg Musl Pak Contains Hctum Ech Fentald
31vvvnbdFdL.jpg,610 Lzt5JA 9.3in MiB 23 cm 55 JT?RIDTST
31WwDdzJ1XL.jpg,"33.9"" 41.7"" 89"""
41+7OdL1MDS.jpg,"[ 4cm/1.57"""
41+KFJSnXyS.jpg,8.65in / 22 cm 4.32inchin 11 cm
41+N8l5SitL.jpg,28 Ch 145CM _ 8
410P9sSB52L.jpg,Chili con Carne Unser Bestes tnte 16 cm (Rmov
410vms87ZfL.jpg,"Nutrition Facts / Datos de Nutricion: Servings Porciones Serving Size Tamaro por porcion; Coo Galletas (33,69). mcunt gcning Canbcad porpolcon Calories/Calorias kiego FatGrasa Total Sq {69. DvNvDI FaLiGrab_ Saiulado DvNdi rans Fatgfasi Irang 02, Cholest 'Colest: Omo DINDI Sodivm /Sodi MOrng (38 DVND) VDJ ;c olecamacarb Toln DVNdi FibelFibta AlelIC;l D0 (072 @yivDI Total 3ugar Icale 129 (nci Nocad Yjqarsrcl Anadida 22 DvND inproteinea DVND Cakium 'Calci (0 v DVNDI. Iron Hicito (420 DNND}' Polassium Polas 0 |0 . DVNDA "" DVNvD Dclan Veluc hek Total"
411-UKBtBRL.jpg,6cm Zircon 2.36in Weight:16.1g Chain length:25+6cm9.84+2.36in Alloy
411Ci5ZbFkL.jpg,TECLADO 5/8 14cm 4Ocm 100cm
411mJTtMEwS.jpg,
411t5xqaVwL.jpg,6' R pxtx
412-TJJAfGL.jpg,10.3 cm 9 WEIGHT: 100 gm
4124NnJD-yL.jpg,10.62 in 27 cm 22 10.62 in / 27 cm 8.66 in / cm
412BiDQpSXL.jpg,Venkys VentriPro Afeed BedSeaoleppct Ctcethecitner Lado Pudo 200 g Jtmn Ytm
413iFV9itGL.jpg,THE GATE 1 12.2cm/4.8in QLEASE CLOSE
413KO+oUD4L.jpg,"3.5"" 8.9cm 11"" 10.75"" 28cm 27.3cm"
413KztooizL.jpg,"Gutwell Supplement for Peis IOOVCs digestion enhances immuntty Probictics Prebiotes B1u6 Venkys :1009 , Netwt:"
4147WwwRUpL.jpg,13 cm
415mW+RokoL.jpg,11.0 in / 28 cm 3.62 in / 9.2 cm
415xnGM09CL.jpg,Total Length: 5.9 in / 15 cm width: 2.3 in 6 cm
4177qBOYWYL.jpg,Height: Diameter: 10cm 5.5cm 16cm 28.5cm medium
419+7hwokgL.jpg,"41.5"" 24"""
419-6DlhFES.jpg,5.9 in / 15 cm 15.74 in / 40 cm
41955WQCO0L.jpg,8Ocm 13cm
41a6gSOwHmL.jpg,72 inches 16 to 9 folding
41aadIgcMXL.jpg,0.78in/2cm 27.9in /71cm
41AAIwneX-L.jpg,7.85cm (3.1 ) 6.08cm (2.4 ) 32.6cm (12.8 )
41AIsZYH3wL.jpg,3 9.8CM
41ajfadmACL.jpg,14in/36.5cn 15in/39cm 1in/2.Scm
41AUX2QJACL.jpg,Light and Compact 31.8mm 85mm Weight Applicable Pipe Diameter Extension Length IGPSPORT 49g
41aZYfiOmuL.jpg,"SIZE SUGGESTION Pillow cover size Inner size 18"" 18"" 6 6 OR 2 20"" Pillow cover only,no insert:"
41b0+M3KUJL.jpg,9 inch 15 cm 4zo| 71449713 MRzt inch cm 234 40 CCRVSUKTEA /THE SOIE DEMM& Kalm 'Foosme :
41b0PFCE1cL.jpg,Handaed KHAMIRA ABRESHAM HAKIMARSHAD WALA Strergthens heart and braln specially useful in case of general debility 30 g DIRECTION grams to be taken in the-moming or when needed with or without 250 mlotmilk
41batKa+BkL.jpg,"LED Bulbs Bulbs Watt: 0.06w Good Waterproof Features Safety, High Brightness Saving Energy Controller 8 models for choosing: L.COMBINATION 5,CHASINGIFLASH 2IN WAVES 6.SLOW FADE 3.SEQUENIIAL 7.TWINKLE/FLASH 4.SLO GLO 8,STEADY ON"
41BFEJtQT5L.jpg,0 3 11.5inch 2inch
41bfkj2t3gL.jpg,"stainless steel length SOcm width 3mm Scm stainless steel 2cm Weight: 14.7g ""A"
41bJR4hfDlL.jpg,"30"" 20"" CENEROUS SIZE"
41BV5Ms65tL.jpg,1 I 8 3.5mm/O.13in  1 8 7mm/o.27in 2.7cm/1.06in .85in 47mmli 304 SUS 66mm/2. .59in
41bXObRITVL.jpg,10.6inch 11.Sinch 12.3inch 5.Sinch
41cA-AzcEtL.jpg,s0cm 75cm
41CD5lhHjjL.jpg,"Einsatzempfehlung: nephrofer@ unterstutzt die Nierenfunktion bei chronischer Niereninsuffizienz Morgens und abends je 1 Kautablette je 5 kg Korpergewicht (KGWI: Futterungsdauer/ Futterungsempfehlung: Zunachst bis zu 6 Monaten: Es wird empfohlen, vor der Verwendung oder vor Verlangerung der Futterungsdauer den Rat eines Tierarztes einzuholen Frisches Wasser zur freien Aufnahme anbietenl Futterungshinweis: Dieses Erganzungsfuttermittel darf wegen der gegenuber Alleinfuttermitteln erhohten Gehalte an Vitamin D3 und Spurenelementen und PEG 6000 nur bis 96 der Tagesration an Katzen verfuttert werden: zu 3"
41CjfttSZ2L.jpg,Te 23 cm Alexa9 Multipurpose Tokri
41cOlCskhAL.jpg,7cm/2.7in I 9cm/3.Sin
41cQiJdAJIL.jpg,9.3cml 13.6cm 25cm
41CYF4d+LhL.jpg,12.6cm 2.lcm 10cm 3.3cm 12.6cm 3.lcm
41D9On9sThL.jpg,6 20 cm 40 cm
41dn0wVh9fL.jpg,"SPECIFICATIONS Working vollage 12-85V whita Iight color tomperature G000 K (€ Fc 2 8 YA Power; Ow Lumen Vamue 400 Lmi Numberot lamp bends: 228 Cuireni; 6410.24 Working me s0ouoh Hm FRFt AFl} @etocTT(M4 MADE IN CHINA roducl size 420*41 3""TJmm White Light: 1850 LX Working lemperature; -40 C-85C Single woighi 123g"
41dZerkCK0L.jpg,35.4cm 4.Scm
41E3RqKqhcL.jpg,Chasitaram Ettaa G Set of 2 - Nbh242 Thread Rakhi Manufactured and Marketed By Ghasitaram Gifts Customer Care 9372046500 Email support@ghasitaramgifts com r21frtnbh242999605 MRP Rs:- 269/- (inclusive all taxes) Weight 20 Gms XOO1EDMNHD Fancy
41EdJuT1qgL.jpg,"FRONTIeR"" MATURAL PRODUCTS CO OP TANDOORI MASALA HE ML SEASONING GW CERTIFIED ORGANIC 'ETHNIC SEASONING"
41EqQo9MWNL.jpg,Thickness 4mm 30cm 4Ocm
41F0rx5+WdL.jpg,"2xl Height Design 2,5 cm 465 21,5 cm 12 cm"
41F1BkT+UmL.jpg,"33.27"" 29.72"" 49.41"
41F6yaK9oJL.jpg,4PCS 28  YASI YS-8035 3 16.5cm
41fUA6b+4TL.jpg,3 40 0 U 8
41gdzp-a0YL.jpg,12.0 in / 30.5 cm 3.5 in 9.0 cm
41geA2zOc4L.jpg,Premiux UelGIie Chocolai SiNce 1956 GuyLiAN THE ORIGINAL SEASHELLS TaeMncnetennnnnnnteennn 33758
41gHhnUjijL.jpg,"36.2"" 56.5"" 30.3"""
41Gy4GgnhsS.jpg,45 cm 200 kg 2 8 5 45 cm 9
41h31efEQ-L.jpg,1 52 in / 132cm 56 in / 1
41HBqJr3ufL.jpg,0.45cm 8 0.17cm Weight:1. 5g
41HQR1ucdVL.jpg,"#0)R&:18cm h=7+}[X:n1g X3.1X 1,3cm"
41HyRX5SsXL.jpg,6cm 2.5cm
41IkldCWlHS.jpg,2 18OCM
41j09xH2YML.jpg,"23,3 cm 8 2 8 @ @ @ tt7 ."
41jOYYZKyFS.jpg,18CM 7in 15CM 5. 9in
41k2oWgG95L.jpg,8 8 0
41kIUEGPVqL.jpg,5.9 in / 15 cm 0.7 in / 1.8 cm
41kqp0aG3kL.jpg,"kmart ADJJSTAALE DLT 20"""
41lftmMbmfL.jpg,320 cm 80 J 3 cm
41LuXEjNEjL.jpg,4.72in/12cm 5.19in /13.2cm
41lwuQ9jtyL.jpg,8 10.5 CM
41lxVk64J3L.jpg,12.5cm/4.92in
41MAMToz+6L.jpg,290mm 1 2
41MEOv4ksNL.jpg,5A/66W Max in Total Type
41mkdQ+xJ2S.jpg,23cm 21cm 37-98cm 18c4
41MusjMX+oL.jpg,240cm/94.5in 38cm/15in 133cm/52.36in
41mVvrjsy8L.jpg,157cm 25cm 48cm
41myfhvxcvL.jpg,mazonbasics WATER FILTER AHIH-nodinglt- ourtod UE onntea ~nches Wuaeo anches
41nfcIJK5HL.jpg,3 8 C 60 CM
41NIMy9dwiL.jpg,8.5 inch 11 inch 20 Sheet
41Nj4VtKc4L.jpg,8.6in(22cm) 13.8 in(35cm) 25.6   in(65cm)
41ns1Dop-6L.jpg,59mm/2.3in [ 3 6 9 15mm/o.6in 12.2mm/O.4in
41OebkXdjIL.jpg,"3.15"" 4.53"" 9.45"""
41OfV2nryVL.jpg,16cm 55cm
41OHc3McdGL.jpg,"7 4 35 70 cm(27.6"" cm(13.8"""
41oPRBSavcL.jpg,5 5' 8 3 17.7 in / 45 cm
41oQNyTb8kL.jpg,PRODUCT SIZE 4.72 in /12.0 cm 4.72 in /12.0 cm
41OSQ+WE8aL.jpg,INNOTECH NEI LookSAME GREAT RESULTSI WHOLY TEA ORIGINAL WHOLE BODY HERBAL TEA UNIQUE BLEND OF HERBAL TEAS FOR YOUR WHOLE BODX You'U love Ik WAV VOU FEELI 8 TEA BAGS NET WT 24 G 32 DAY SUPPLY
41OXYFX9BqL.jpg,"9,7 cm 6 { { {"
41oY+++0JOL.jpg,Gopdoekft RanGe LAYeRs Fellets 1 20r6 1 206 Ficts
41pboU0RipL.jpg,1 1.S7in/4cm 1.57in/4cm
41pGK6sCGRS.jpg,"1 13/8"" 3 13-3/8"""
41pJsfXBurL.jpg,23cm  0 7cm 10cm
41pjxha3EoL.jpg,Ingredients Organic Fennel Seed Nutrition Facts-Approv value of 10Ogm_ Sugar 2% Carbohydrate 36% Fat 7% Protein 6% Energy 235kcal MRP in INR (inclusive of all taxes) Batch No. Date of Packing (DDIMMTY) Best Before 12 Month from the Dale of Packing Net Quantity 400g (at the time of packing) PRODUCT OF INDIA fsai License No 12218027000926 FSSAI
41po14FXb0L.jpg,Nescafe Classic 3 in 1 1 sachet = serving (16.Sg); Energy per serving: 299kj/71kcal; Fat: 2.2g ofwhich saturates 2g; Carbohydrate: 12.4g ofwhich sugars 9.5g; Fibre: 0.4g; Protein: 0.2g; Salt: 0.17g; Allergens: Milk
41pxDZMzHTS.jpg,300mm 1250mm 0210mm 150mm
41QSjhVobQL.jpg,"31.1"""
41qxesKNpyL.jpg,0.4cm 1.3cm 3.5cm 0.5cm
41r4TMql88L.jpg,1.3in/3.Scm 1.77in /4.5cm
41rdP-iyTJL.jpg,"@@E N COLD NET WT,10 LBS.(4.5Kgs.|"
41rngrQ98WL.jpg,"HIKVISION Colot camora DS-- clisdr LLIF J6n TatJtim "" Uue Ole oea (6x CHcesJinhnbJJa Uedrin Ching JcdtdaiedtTc 3es C0 4064 6[darlkt JXc"
41RsBrKSOAL.jpg,5
41s3cZVVRmL.jpg,38cmi 38cm 38cm
41SdDSE2VAL.jpg,3 1 5.1in 13cm
41SLkqePCrL.jpg,3cm/1.2inch 1Ocm/4inch 1 I
41TkicOnN7L.jpg,"Dial @: 4.72"" 11.98cm 4.49"" 11.4cm 39.37"" 9.25"" 12.28"" 10Ocm 23.Scm 31.2cm 2 1.13"" 10.Scm V 39.37"" 10Ocm"
41tO2BDj2xS.jpg,"Pet Bed Size M XL XXL 16x12"" 20x16"" 26x20"" 35x20"""
41tPtei54EL.jpg,"30.7"" 7."" 6""  A 5.5"""
41tYqLs0GPL.jpg,16in 6in 18.Sin 8.3in
41u+uFj4WoL.jpg,amazon basics Kan U*24inch  HOW TO USE Pccr BTOEE 32 in 80 cm 24 in 60 cm Large Storage x 5 Bag
41uC1YexWfL.jpg,"DHARAVATII (MOLE REMOV Composition Each 10g Conalins : Haldi (Curcuma Leal Majilh' (Rubai Cordle) Sajjikhar  (Sodium Catt Chuna (Calcium Hytite For External use only Kel use on piles wabs reler the unwanted Spa ttree Please  baications = 1Go7 Massa,"
41uCHDN8u-L.jpg,30cm/11.81in 6cm/2.36in
41UdgaBbqgL.jpg,"36 7 8 58 cm(22.8"" 50 9 80 cm(14.2"" cm(31.5"" cm(19.7"""
41upow3l70L.jpg,15_ 5cm 4 c
41uQQjkZa8L.jpg,"12 60 cm(23.6"" 1 5 cm(4.7"""
41urGz-JT2L.jpg,"100 200 300 ,"
41UvmNlDTNL.jpg,2.79 in / 7.1 cm 4.13 in / 10.5 cm Ezbakt
41uxFkiUkhL.jpg,Weight: 155g (Length) 134mm 21mm (Height)
41UzT7qNVkL.jpg,Dolormin Schmerztabletten Bei Schmerzen und Fieber Volormin Tablette enthalt 200 mg Ibuprofen (entsprechend 342 mg Ibuprofen. DL-Lysinsalz]. 50 Filmtabletten
41v1M86yFLS.jpg,13cm 8 1Ocm
41vAjiFTo9L.jpg,1 8Omm
41vd-7soLIL.jpg,5 179m
41vEvS+fHhL.jpg,"3"" 2 2 3/4"" 1/7/8"" 3 1/8"""
41VGP5fjk+L.jpg,"COMPOUNDED ASAFOETIDAPOWDER (Lo NET WT.100g (3.502.) MAMUFACTURED By Godhoo & Co. 213, Samudl Streol, Mumnbal: 400 003 MAMUFACTUREDAI LALJEE Godhoo & Co: Plat No; 53/4, Road 7415. KidC Andrer(El Kumda . 40009} (india) LALJEE  (Indini"
41VjpnCE9tL.jpg,V Picnt Lcheiyelsy @OI HOW noneOuT VIATERMAELCH ILAJIm Merutty
41VKiE43ZTL.jpg,Shankhpushpi Powder Convclvulus pluricaulis 1 Pure herbat poxder Suitable for Vegetarians 100g35
41VXROk6oPL.jpg,'1.4W solar power Bright white LED Casting aluminum 79inch Fill with s0lbs soll or rocks
41vY74lu6KL.jpg, 1 10.6cm/4.17in
41VZVoNjPSL.jpg,"1 1 1 12.6cm/Sin 12.6cmSin 12.6cm/Sin 2300ml 1800ml 1100ml 7.7cm/3in 7,.7cm/3in 7.7cm/3in ,"
41W+KL8eIEL.jpg,"1 8 9 cm(78.7"" 200"
41w+sN+Is+L.jpg,"100 cm(39.4"" ) 50 cm(19.7"" 3 0"
41WpNCPM3aL.jpg,3.14 in / 8.00 cm 11.02 in / 28.00 cm
41wqIDc3dKS.jpg,0.94in {
41Wxf7G2SVL.jpg,60 cm 100 cm
41WXGDk-XDL.jpg,"6 13.7cm/5.39"" 9.5cm/3.74"""
41XC0Ff8UbL.jpg,DIMENSTION: - 18 CM 4.5 CM 8.5 CM 2 20 CM
41Xff1sg2EL.jpg,NEW LOOK; UPGRADED FORMULA 85g/r  ROYAL CANIN ROYAL CAniN CARE eanont DIGEST digest SENSITIVE ennte
41Xm-nb3h5L.jpg,Gisan 24p99Ri MSA BARBEQUE HPIces LARBECUI 265 9 spices
41XM9J3d5SL.jpg,"10,4 cm 9,3 cm 16 cm"
41xNi9CYDwL.jpg,"6.9 in / 17.5 cm 2.2 in / 5,5 cm"
41Xo3qt62bL.jpg,"Dosage 20 Days Course One Capsule Morning after Breakfast and One Capsule Evening after Dinner with Hot Water 8o 20 f7+r 54 +55 JRTa $ 9a034419 7114 M1UnTTT4+7al wed Ta 5 HNVR , fd- UT R3I Matrd Bbdnot Pv Lid: (ISO 2008.2015 Certied Company) TaR"
41XS9RZEa+L.jpg,4.52 in 11.5 cm 16.53 in / 42 cm
41Xv+tzE4KL.jpg,4.5cm 2 17.3cm 14.2cm 410g
41xwBpGgV4L.jpg,@UA+(x 31cm 13cm 34cm
41ydDlQwaQL.jpg,55mm 95mm
41YrdUGtZ6L.jpg,I4cm/5.51in 4cm/1.57in
41Yu70A6-FL.jpg,COLOURFUL VARIETY 100 g Ritteg SPORT BUTTER BISCUIT with a butter biscuit in fine cocoa creme
41yudNerdYL.jpg,90 cm 8 3
41YYj0wQnKL.jpg,6.85inch 2.75inch
41ZFKzaIJFL.jpg,amazonbasics WATER FILTER Leentt etnntmn Letaie [Aldjnt JTanahes ancher
41ZhH3E3p7L.jpg,amazon basics Snap-on hood for added privacy and helps contain litter inside the pan; Ufts off for easy cleaning Plastic swinging door provides easy infout access foryour cat Made of stain and odor resistant polypropylene plastic; wlpes clean With damp cloth Triangle 26 x 20 x23 inches (LxWxH)
41zoNwSpBWS.jpg,0 S_ 9 1.1cm / 0.4in
41ZuonS0VKL.jpg,peso~ 0.55-0.6KG 1 2 ~5-6CM
41ZUU0vNR4L.jpg,"LIGHTLi BRIGHT 8 4 DIM 4.0"" 4H 6H TIMER 8H IOH LIGHTLi 1.5"""
41zvddGiSqL.jpg,SleidelJi b3eidg 30 Tablets R Entecavr Tablets XVIR' 0.5 mg For Oral Use NATCO
41Zysha4UTL.jpg,300 mm 220-240 124 mm VAC 60w IP20 E27 50-60HZ 170 mn 1 218 mm
51+-W8vZAfL.jpg,78cm 36cm 25cm 72cm Scm 25cm
51+3fjWGq5S.jpg,270mm
51+AzesFtgL.jpg,6.5cm awac Scm
51+Io5qZuuL.jpg,9.8in 25 cm 2.3in / 6 cm 10.6in 23 cm 13.3in 34cm 13.6in / 34.5cm
51+K9XKlONL.jpg,250m/9 Bin
51+KJHA0cOS.jpg,6.Acm 25.5cm 19.9cm 8.2cm 12.5cm 6.4cm
51+lS-SmKSL.jpg,N : I  6 3 g 1. 02 inch/2. 6cm 1.5inch/3. 8cm
51+NWRLRwzL.jpg,Product Size Scm/ 2in 1.3cm/o.STin = 0.Icm/o.04in
51+pq9b3-iL.jpg,"22 Cm 40,5 cm 50 cm Peso Materiale 2 Kg Acciaio Leggero"
51+SKuYgSeL.jpg,01 3 3 4.05in/10.28cm
51+TlKA58UL.jpg,Weekly planner July 2023 June 2024 AL 21x29.7 cm 8.27x11.69 inch 11.5 cm A5 14.8x21 cm 5.83x8.27 inch 4.5 inch 2023 202 ? A6 10.5x14.8 cm 4x6 inch iPhone 14 Plus 8 AX 33 171g 0.39lbs
51+U4j0s0AL.jpg,"10.2"" 7.6"" 6.3"""
51+VjJwq-LL.jpg,+J(765(5(-1b {40cm 07Ocm
51+x3H4ZcXS.jpg,0. 8 in/2 [ 3 3.Tin / 8 cm
51+xA-Q6BUL.jpg,"Stable hold thanks to solid, angular base plate Replaceable brush head of 8,5 cm Ideal for bath and guest toilet"
51+XDToGTOL.jpg,Coo (€ 37.Smm RXiN 6uF+5% CBB61 50/60Hz AC 450v 40/70/21 D.PO SH.E 20mm 47mm
51+yfQ9NaYS.jpg,11.8 in 30 cm 7.8 in / 20 cm
51-2TyQ4PjL.jpg,11 CM KETTLEBELL 6KG  MUITO RESISTENTE MATERIAL: FERRO FUNDIDO FORTALECIMENTO MUSCULAR TRABALHA 0 CORPO TODO 6
51-3Obf5G5L.jpg,Color New Version Clear Color Size 18 x 96 in 1.5 mm Thick Item Shape Rectangular Material Soft Glass Plastic
51-4sZ2OvbL.jpg,7 1 = Menge 1= 5Ocm Menge 2=100cm Menge 3= 150cm Menge 4= 20Ocm USW: 0 9 Menge 50cm
51-5ayDQtZL.jpg,18+5cm 20cm 18+5cm 18+5cm 18+5cm Weight:23g
51-8PHpNK3L.jpg,70cm 126cm 103cm
51-8RhDurBS.jpg,8.0 in 20.5 cm 4.5 in 11.5 cm
51-Afg+T78L.jpg,80*12.5*2.0 9B2C 83mm / 3.3in
51-B-DsD86L.jpg,27CM 1OCM 31CM
51-Bq9HM3UL.jpg,I6mm 1 13mm Main Stone: Lapis Main Stone Size: 8mm*9mm Weight: Approx.2.0g
51-ibC+3jqL.jpg,] RovaM %enTED 88YViAI CANbIt EKAM 25*9
51-kn0PXp6L.jpg,1 g 11Omm S= 4.3in 1
51-mNZedNaL.jpg,Product Size 1 1.53 inch/3.9cm 3 1.89 inch/4.8cm
51-Q2ZbR7aL.jpg,5.9
51-Qg5Nq-oL.jpg,"9.SCM/3.75"" Ring diameter:O.SCM/O.2 SCM/1.97"" J 2CM/0.79"""
51-RFSkyr1L.jpg,GojldeOWACM Overall Length: 0.82inch(2lmm) Height: 1.3linch (33.3mm) Overall Length: 0.46inch(12mm) 1 inch(25mm) 1 2 SCREW PER KNOB 1.77 inch(45mm) *1
51-vlCF1NkL.jpg,"9OCM 136"" Weight: 40cm /16"" 8kg"
51-WbLRzo9L.jpg,"8cm 15,5CM 7CM 7.5cM"
51-wKnwuhES.jpg,16cm 12.Scm 14.5cm
51-xbW4kFPS.jpg,14ft. 29in:
5103thkyHsS.jpg,I3cm/1.2in| 4 3 5 5 2 1 g 5 1 1 7cm/2.8in Y 1 1 2.2en0.87in|
510cJw-KfhL.jpg,"Ingredients: Flax Seeds Nutrition Facts 4.5 Servings Per Container Serving Size 100 9 / 3.5 0z Amount per serving Calories 569 % Daily Value"" Total Fat 40.6g 52% Saturated Fat 89g 249 Trans Fat Og Cholesterol Omg 0% Sodium 93. 490 Total Carbohydrate 29.359 10% Dietary Fiber 25.22g 909 Total Sugar Og Added Sugar Og 0% Protein 21.55g 439 Vitamin D Omcg 0% Iron 8.69m9 4890 Calcium 284 2296 Potassium 847.9mg 1896 'The % Daily value (DV) tells you how much a nutrient in & serving of food contributes t0 5 dally diet 2.000 calories day is used for general nutrition advice: Approximate value L88mg L9mg"
510h0P1cmXL.jpg,ME 3 SENSITIVE KNOBS 7 Control the Spray Width 7Omm Control the Paint Flow AEROPAO 1 Control the Air Volume s0mm 1
510MazjA4HL.jpg,Tipo Tejido 100% Algodon doteb Tamano almohada duENdE 3 almahada DUENDE 9 DUENDE DOBLE tunda 75cm DQBLE funda 4 3 Material de relleno Poliester 1
510pHSDm1kL.jpg,8 5' P 5 3 18.8 in / 48 cm
510SaJVQinL.jpg,PNSO DINOSAUR MUSEUM g 35.2cm
510SUzRZkDL.jpg,2Ocm 1Ocm
510Tjx9IP8L.jpg,60 Jo Qor 90 soto  usu onivt 30 cautionf hont mic
510ws8Us7uL.jpg,"VINPONE Model:Galaxy S9 5800 mAh New Upgraded Voltage: 3.85V Watt-hour: 22.33Wh High Quality Li-Polymer Battery Warning: Do not Disassamblo, Puncturo, Crush, Heator Burn. RoHsCe*@F@g> MADE IN CHINA"
511+OuswL0L.jpg,1 2 1 AVIDGRAM Aidoral User Manual USB Power Cable HDMI Switch 2x1 8K 6OHz User Manual IR Remote Control KDCP (2*AAA Batteries Loetet Not Included) AVIDGRAM KEII 7711/. GkGOH 4Aromo 9Omm Select
5116AkePbXL.jpg,g443 8 8 ! 92 Fieam
511C+myxIKL.jpg,3 8 g 2.75 in / 7.00 cm
511CUfECh-L.jpg,150cm 4lcm 95cm
511g3D6THnL.jpg,Product Dimensions 'RoCNT 7.28 INCH SPACE 5.31INCH 3.15 INCH
511HQ4cY4BL.jpg,%agc 7yk 260g HEtW.910212609 Wafer Rotls Mhn cocoz Geac
511iw6HpmHL.jpg,6 3 72 13 . 5cm 5cm
511l4o8CC7L.jpg,9cm/3.54in 8 1 1Ocm/3.93in
511O04hJQTL.jpg,"60.5 7.5"" 7."
511Os8nPXRL.jpg,"4""(1Ocm) T 67 F 28.4""(72.2cm) 1"
511rMnFyuBL.jpg,2.9in 3. 9in 5.3in 9.4in 9 5in
511tXxhht1L.jpg,35 cm 210 cm 35 cm- 6 8 280 cm
511u3-v7LzL.jpg,98r/s)54in 7 > 42cm/16.54in 8 ;
511UvKZ-8HL.jpg,21cm(8.3in) 30cm(11.8in) 30.5cm(12in) I36cm(14.2in) 30cm(11.8in) 43cm(16.9in)
511v590yofL.jpg,5.9in 2.75 in
511WjibUygL.jpg,"4.85"" 18"" Length Height Width"
511wM-USvXL.jpg,"Micct 920 PARIJATA 100 CLASSICAL AYURVEDIC POW DER Yeshtamadhu Also known as Mulethi or Licorice: The word 'Yeshta' infers to 'wood' and 'Madhu' means 'honey', together making it like wood'. Apart from its plethora of curative benefits, this root is popular in Middle Eastern and Asian cooking: For decades,the root powder has been used as a flavourz agent in candies and sweets. Yeshtamadhu PowdeR 0atskeal  Hanaty adn Mdkaine honey- quite ing"
511XkqcPldL.jpg,nirvasa WE 100% NATURAL bales% Ensroe SHILAJIT Gltat Eatec RESIN FORM Wiy Lrudea Idrs ENERGY . STRENGTH . IMMUNITY 00% NATURAL 8 6anep 20 9 Sibjt 1 SHILAJIT 0laioy RESIN FORM Bano IS0 EnerGy STRENGTH LMmtunity SHILAJIt Hue Daei Siraunan nrate*e Fdttl ubtite Dottato Guoa
511XVBCnXYL.jpg,"USB PORTABLE CHARGING Memory can be expanded as you like USB portable charging: TF memory Up to 326, take pictures home and travel"
5127vMoLgWL.jpg,! 0 8 cm 8
512ByADjfZL.jpg,PRODUCT SIZE 25cm/9.8in 40cm/15.7in
512D6BrvcOL.jpg,& cm 188 Teutm Tzoig  88 cm
512HaUCjUML.jpg,3} Hapav 1 8 4.72in / 12cm
512KvJ-5PzL.jpg,{ 9 M 9 STOFFWECHSEL MIKRONAHRSTOFFKOMPLEX 'okungserganzungsmittel 90 479 EFFEKT Kapseln
512OiHqKQiL.jpg,Size:10.25 Size:10.25 Size:9 Size.8.75 h ( Material:AlloytCrystal Weight:19.9g
512qaG81baL.jpg,"72.52"" 1152"" 8"
512qdE9rg8L.jpg,Parameter 14cm Rear vlew mlrror helghtl 6-9cm 25-30cm Rear view mirror thickness 3-6cm Extendable 0-Scm Weight: 225g
512Y6zvQvcL.jpg,45cm 17.1IN Musid 15cm 29cm 5.90IN 11.41IN
513+20zkwHS.jpg,100 mm  8  KS 6 (6h 8 4 8 1  6 B CABLE LENGTH: 25 centimeters     2 1  2 8   ONjc                      
5131-zgj0xL.jpg,56cm 129cm 6cm 97cm
5131MIZ3TvL.jpg,PRODUCT SIZE 2 8 3.1in/8cm
5133bQPQNFL.jpg,8 cm 5.5 cm 6 cm 6 cm
513cQ70w77L.jpg,15.8cm 123.7cm 112.8cm
513dpztTiWL.jpg,"3.54"" Sgorlds 8 11.8"""
513eZGNt-qL.jpg,Holds up to 1.7 litres of water; enough for up to six cups! Morphy Richards {richards morphyr
513fAAu5SKS.jpg,Interfaces Weight: 25g 75mm 58mm Cable Reset Button WiFi Antenna Micro USB Indicator Light DOdmn
513HpJilGxS.jpg,"2 rod 36 inches 72 inches 3 Brackets 7/8"" diameter rod 37 5/8 inches long 1"" diameter rod 36 inches long 4 1/8"" 2' E F 2 3/4"" 1 3/4"""
513I1q7OCyL.jpg,0 0 CAT-6 8
513J2zasjyL.jpg,12.5 cm 4.92 in) 6 3 2 8 2 3 1 9 cm 3.54 in)
513ocwFb+mL.jpg,"8G OF HEMP SEED "" 0H1 8q Pack 'Extroct Hemp of ORGANIC EXTRACT equired HEMP ACTIVE  'dosaGe daily ' contains Each Seed '8p388 pack) each value"
513pZUdhlBL.jpg,80mm 55mm 7Omm 55mm 80mm 50mm 37mm 15mm
513SV6bV+ZL.jpg,"4 10-1/2"" 14-1/4"""
513VNYpmffL.jpg,About washing P Cleaning Handwash Machine Washable Ironing Do not Bleach S M XL 18-20inch 22-24inch 25-28inch 29-32inch Dry
513vVSwWZbL.jpg,24pcs 7cm 5 24pcs 5cm 6cm E 8
513vyhpdIrL.jpg,Signal through a wall 8 [ Waterproof design 1 g ((6))) Signal enhancement 1 High adsorption 3.5cm/1.38in
513Y7mvCngL.jpg,1 V 3 Sinch/12.7cm 1.5inch/3.8cm Ainch/I0.2cm
514cKJjYU9L.jpg,"42"" 20"" 30"""
514DazgPhqL.jpg,"15.7' 11.8"" 19.7 More suitable for cats Dogs less than(1Opounds 17.7' 13.8 23.6 "" More suitable for cats Dogs less than(0 pounds"
514FoG5C1AL.jpg,8 7 40CM 29CM
514G6SB5zUL.jpg,26mm (Length) Smm (Thickness)
514l1o0wZ1L.jpg,10.50cm 4.13inch 12.O0cm 4.72inch
514OH-K-AHL.jpg,3 0 30cm
514oxAf6QXL.jpg,Acjustable Lenlgth 210-300CM 210-300cm 70mm 38mm 40mm 95mm
514R-ULzqYL.jpg,17cm 6.6in 2 4.7in 12cm 24cm 9.4in ~s[yhgi #
514XdF4hVZS.jpg,3.5 inch Teapot: 5 oz Teacup: Zoz 2.8 inch
514yfE0mmbL.jpg,#J2Ocm Shimajiro (BYJI8cm 0
5155nyazb+S.jpg,12.2in/31.0cm '1ls8 { 8torio_ 7.9in/20.0cm &k6865 ;
5156AIvve-L.jpg,1 0 76 11 / 6 29 anmelu 6in Scm Scm 9
515FjGRWKDL.jpg,5FT 5
515gGqhKqvL.jpg,# 60 1 1 1Sml / 0.5 Oz Tbsp inch/36mm 13/32
515IRq5VbJL.jpg,"18"" 47.5"" 16"""
515MeeE9CeL.jpg,Color Black Material Ceramic Item Weight 0.97 Kilograms Capacity 10.3 Liters
515O1CHPx9L.jpg,nut&me Joo PaSTA DE datl 90Og:
515rnNBMVPL.jpg,72 IN €h BARA= _ M4 *L04 0 9 [MIDSENNJ DEKE FREAK
515wf3eV9fL.jpg,"5.4cm/2.12in 1.5 2.5 20+ milliGAUSS(mG) 1,5 2.5 10 20+ MlliGAUSS(mG) K-Il USA K-Ii USA 6 5.3cm/2.03in"
515ZgygnRrL.jpg,"6"" 72' 5,75"" 9,25"" 33"" (2,7 ft)"
51644ZodSuL.jpg,Weight: 4.2g Aceg 8.Scm-21cm 6 Loc
5164TICYyHL.jpg,32 cm 82 0 6 cm
516cvRWtjvL.jpg,It we i ghs about 185 grams 25cm 8
516dRR4XhXL.jpg,1 4CM 3 12.7CM Same for Each Specification WEIGHT:5.5LB
516fNX+9ulL.jpg,7e0s 1eos Yeos 13 1 SAMBAL PASTE 0 SINGAPOREAN STYLE SEAFOOD STIR FRY s0mlev1809
516gSHbF0eL.jpg,"Capacity: 30ml Glass Tubes 7 Bottle 1oz/ 3Oml of liquid, mea- sures 13cm/5.11inch in height and 7 2cm/O.78inch in diameter. BENECREAT 2cm/o.78inch"
516JtT28lmL.jpg,"AUGASOM FARMS AUQASO FARMS "" 217 Wrng { Dekudrated Bawawa Chps (hopped Owiows NET WT 2LBS | 02 (9249) HET WT VLB 7 02 (652 g) Iw Fs EveRYDay food Ftndy Jere Fuiuw INphaks Dgetues"
516Q5vb4DeL.jpg,! 8 1 6 2 2
516S9dXiUCL.jpg,11.5cm/4.5in 6 8cm/3.1in
516V6z4UxdL.jpg,Total length :2.55in 6.5 cm Width 2.55in 6.5 cm
516WknVOhUL.jpg,"8.26"" 11.8"""
516XcCg6blL.jpg,a4cm
516XwA+NKAL.jpg,"Luce Luce #TX 7.Scm titmg 25cm TIZJL{IZEEF-JIZtTEtltf(z X112R:56317810321R,4"
516ZQukDnGL.jpg,37 1 17 9in '14.8im .Scm/= .Scm/6.
5175c7+R4EL.jpg,"PRODUCT SIZE Length Width Height Small: 13-18"" 13-18"" 15-18"" Medium: 27-32"" 27-32"" 15-18"" { Length Width"
517cN-+vbBL.jpg,"7-1/2"" 17-3/4"" 13-1/2"""
517Fk12cgIL.jpg,OFF ON TIME SPEED FADE 8.4 cm 3.3 in JUMP ASuE) (JSYp) 5.2 cm 2 in 22.6 cm 8.9 in 4.4 cm 22.6 cm 1.7 in 8.9 in
517isw-XYyL.jpg,3.5cm/1.37in  ] 60cm/23.6in 0
517kbFAff+L.jpg,PARACORD TYPE III 550 4MM x 3OM (1OOFT) 100% nylon 198g 265mm !
517l52748JS.jpg,"7"" 2.4"" 5.5"""
517OWqMtvzL.jpg,55mm 2.16 inch 120mm 4.72 inch
517R1tcd3sL.jpg,1 3 6cm/2.36in
517t1r1fm7L.jpg,PARA UNA VARIEDAD DE FORMAS DE TAZA Dentro de 10 Cm Adecuado para copas de vino con una base de 4cm a 9 cm diametro de base 4cm a 9 cm vidrio burdeos copa borgona copa de vino blanco copa de champan copa de coctel copa de brandy
517v5z8xIHS.jpg,g 3 2.4in 6.2cm 5 L; 8 II.5cm 4.5in
518DfqxKhiL.jpg,F9cm- 13cm 19.3cm { ~27.Scm F-14.5cm Peso de una mancuerna: 5 KG
518o1y6gqQL.jpg,~ S925 Silver BR Thread Length 30.5 cmto 33.5 cm GerL/a
518tvVVozGL.jpg,6Omm 500mm 60mm
518uPXG28iL.jpg,"Gran capacidad Objetos que caben: Portatil Carpetas Folios A4, Agendas 42cm 36cml Folio A4 28cm"
5190Vhcbt3S.jpg,3 3 8.OOCM La.socm-
519D0McFYFL.jpg,MR MIRACLE 250 PACK 2 LB
519DKBVJZLL.jpg,6.7 in (17 cm) 5 2 3 (8.5 cm) 3.4in
519gtUX7G7L.jpg,"0.12"" 1.06"""
519J9zBWN1L.jpg,0.98in / 2.Scm 2.16in / 5.Scm phthalayy Alappy
519JZh+biQL.jpg,Barilla BASILIC 200g
519kfnqf2RL.jpg,3.74in 0.79in 8
519lPr8GbQL.jpg,PRODUCT SIZE g 3 32in / 8Ocm
519Ms8IjNdL.jpg,Size 10 0z Color Dragon Gold Material Leather Glove Type Training
519oN5inJgL.jpg,150cm 250cmx1SOcm 250cm
519ouG+9g2L.jpg,{ 5 2 3 in / 39 15.3 cm
519rp5CsGaL.jpg,"size 94""' 77""' 64"" 90""''"
519X6IQ5fKL.jpg,"Fashlon 30W   Stepless Dimming And Simpllclty 8 { 1 3 42cm/16.67inch Light Source: LED chips Space: 8~12 m Scenes: Bedroom, Living Room"
519ZV8389cL.jpg,"DIMENSIONS 70"" w"
51A0sgHF-iL.jpg,390mm 28mm 280mm
51a1fpLs7aS.jpg,"0 8 cm 20,5 cm"
51A2yAA9UiL.jpg,24 JOYAS 3mm AAA cubic zirconia high polished 2mm stainless steel- Weight:2.6g
51A4RnXlpcL.jpg,Width:72inch/18Ocm 0 7 12PC Durable Plastic Hooks
51A4zXjPwpL.jpg,Wide: 0.4 inch(I1mm) Total Length: 4.9 inch(126mm) High: 1.3 inch(34mm) Screw hole distance: 3.7 inch(96mm)
51a9isNFJjL.jpg,Zmm I2mm 20mm 13mm
51Ab0UbE0wL.jpg,SIZE&DETAILS maxlength : 6.7in/17cm
51acgdkpTWL.jpg,18.5 inch Famll 1 STRLET
51AcwD6k-8L.jpg,47.8mm 32.4mm
51AD-E+CB+L.jpg,"[ 5"" n 8 19.5cm/7.7 in"
51Ad8YjAOOL.jpg,16cm / 6.3in 15cm / 5.9in 5 5
51AE+Dr5LCL.jpg,84 cm 55 cm 56 cm
51aI4OJmPPL.jpg,"3 8 1,9in / Scm"
51aic5hmYSL.jpg,"14cm/5.5"" 5cm/2"""
51akWTIV64L.jpg,69mn2. 7 52mm/2 Kemmlo  Cnn Kmmo 5
51Akx4BvFxL.jpg,SHo4) ) 1 Msg-v 0-Sy IlL4VLS 20mm/o.78in Aovz - ^0zz
51AMvxfjKlL.jpg,4 Phones & Tablets can be placed on the slot 15.7in 31.Sin 28-35.4in 5.9in 3.9in 10.2in
51AN5P7YUbL.jpg,116mm 215mm 1
51ApQblhnDL.jpg,"MOTOR SIN ESCOBILLAS DE ALTA VELOCIDAD 25OW TODA LA BOBINA DE COBRE, MAYOR VIDA UTI Velocidad Maxima Gradiente Par de 25km/h 30' SOnm"
51AptpZSwSL.jpg,Wo; Microwave Safe Stain Resistant Freezer Safe Hand-made Lead Free Dishwasher Safe L-10 In Note There could be slight difference in shade &lor design in the actual product owing to the natural grains of the wood & each piece being hand-made
51aR4cTIkYL.jpg,2 I90CM 75CM Happy
51aXNxhtOUL.jpg,
51aY0MvmAsL.jpg,N 3 8 5 46 cm 18.08 in
51AyjxRyT0L.jpg,1 162mm C6
51ayUOSnz3L.jpg,Capacity 450ML 7 85mm/3.34in
51B-0P7k--L.jpg,"Tealight Candle is Burn till 4 to 5 Hours Tealights Candles are suitable for Lanterns or For Holders you can use Candle in Your Spa; Near Your Pool, Home: Tealight Candles Have a aU Real Elegant Appearance:"
51B-3-OYx3L.jpg,6.7 in /17.0 cm Cm 11.0 E 3.9 in / 10.0 cm in /28.0 
51b0eQJsJgL.jpg,30 Inch 85 Inch 34 Inch
51B4sDHzsAL.jpg,15cm 5.9inch 22cm 8.66inch 8cm 3.1Sinch 23x33 26*35 20*30 15x22 17x24 18*26 16x23 12*20 10x15 9x13 13.8
51B9+JRHgaL.jpg,2 PCS White & Gray) 1 PCS (Gray) 0 14cm 21CM 8.5CM 5CM 15CM
51bA3RsNhEL.jpg,L 4.8cm/1.88inch 1 1
51Bdh+uTFeL.jpg,"5.47"" 8 0.75"""
51bE1-WEfNL.jpg,"50cm (1912"") 84cm (33"") dia:"
51bE3W0ZtaL.jpg,"13.3"" 18.1"" 17.3"" 35"" 18.5"" 18.8"""
51BgUcZ6XUL.jpg,"Modern Mixer Jar is compatible with all Mixer Grinders having 2 Lock Slots & 4 Teeth coupler Please, refer the Product Image with your old Product for best result. The mesurement of Jar is for your reference_ 4 Teeth Coupler 2 Slots locks Opposite   sides Diameter of Jar 7.5 cm to 8 cm"
51bhwyR05nL.jpg,13cm/55.12in Weight: 0.23kg 21cm *7cm*13cm 7cm/2.76in 21cm/8.27in Compare with 6.1 inch cell phone pro & magazine
51bhxzgrghL.jpg,L:15.55IN(39.5cm) We i ght:20. 2g Mater ial : Zinc Al oy+PU
51bK+VqU8tL.jpg,"Color Change 7 785 Hse l "" 4 EA 704 703 703 t 4 Ixu ? Hd 30 Noid5082 Stone MWU"
51bKnOEGnmL.jpg,1J18.6cm 1J10.8cm ~N- 116!2cm 19530ml AG 3N DER X30ep Y E A R $ 1 0 0
51BlBnvOc1L.jpg,"INGREDIENTS Sinee 1956. W""oileold Slid: (37%01 Coin Siaich; Croo O mard Ginholconnonno Mollodexltin; looiscd S3  , Spice Ocli) piojude prnnia Inc glozo cuin Wome ond Condinents Gorlk Red Chilll; Celighlng ne anann Ock Fepoe Onoet Oregano; Onipn}, Mikiti Chcorc Ponccr Antico ino Ageni Ino Woda sinesiton brcadickzo MINS 5511, Ycosi ertos AllerGX Advice Mn lend com 'NUIRTIONALINFORHATION [eer I0Dg &the Produry] This product i , inbGneikickd com 776 [ monlochred in 0 77190 93333 laciont 70 Corbohydrota Whcn Product faccboak/wo ! Ficld Gluten) Sollids, Twnch s32r ukosnniut MANUFACTURED Frote ^ STORE IN _ MARKETED BY DRY AND WEIKFELD FOODSPVL LTD , ""dic HYGIenIc ESiDID Gai No 485, Lonikonj SoupedkxIgl Do notbuy dtto Nago; Rood; Thiko Heecli 11,0 Deercloin Or D 12 216,Motoroth*o, 'Aop { Totetolc; Ompcic Esal Prop: Taani Jood: Soices Onq conoinnls (12.2.2] LIC; NO. 10012022001051 RECIPE SugGestion For FEEdBAcK/QUERY (1coa) Wcikecld potta pinot conice Ns cooking alreclone QuaF / Assvroncc Srt fry s0m$ choppcd #cot""ablcs 08 your FO,& No 04 Are Mongioi4 choce In? sour vegetoble) in 0 Mail 2teeneet No;; IE10 209 0663 Add po:""o s0Ke mix Iricd vegc'ablcs and Mon-Sol: 9.00 om 5.20 pml mninina Add 2 / cups (30Dml) milkin the Fan ond Rcoilercd = Wekhe d CO< Unh souto Roduh Cole LP Coprel Kfed Add Eoilc ] poslo Ahe pon; ond sene hol Ayico z200) FCOD SAFENY CERIIFIEd COR lodbr 0 wec (of oui popuijr rCopes on Wneikfedconrecipes BEST BEFORE TWELVE MONTHS FROM MANUFACTURE Mig. Dalc: MRP Rs : oll taxcs) Lot No;: 901808 004523 Erergl Fiace Unidens Acchion"
51bLNlm2XSS.jpg,"61 cm 24,01 in 9 8 5 3"
51bm-uSfN6L.jpg,400 cm 6 8 8 8 300 cm
51bOL2UP3wL.jpg,longest 07 2. O5M length adjustment range: 1. 150-2. 05m Shortest 1.15M Rope
51Bp1jH2w3L.jpg,"Fox& Fern 7 26 cm 26,3 cm"
51bp9qMD9IL.jpg,vounot 1 EU standard = CM USJUK standard IN 1 'vounot 91CM/36IN
51BPYy8UvNS.jpg,"Gewicht MADE IN GERMANY 37g { Joceeegn 24,8cm"
51bQ8TVokXL.jpg,Cordless style with a rope length: 35cm/13.7in Ui 7 8 4cm/1.S8in Jumping rope length: 300cm/118.llin
51BRqAFfJgL.jpg,"StrongBond"" Leng-osting Debonguedurcte Tricut Everyday Iron-On FOr wide variety 0f materials and projects Pour une grance variere ce materiaux et de projets Gris 12"" * 24"" Gray"
51BTyKEOmYL.jpg,5.5cm 8 [ pcpsi FD BPA FREE Edible silicone raw material
51BypuiL-lL.jpg,22.2 cm 8.7 in 11.3 cm4.4 in
51bzY+XgKML.jpg,27cm 18.Scm 16.5cm
51C+iYhT8-S.jpg,"'20 Builtjes GINGEMBRE-MIEL-CITRON Plantes infusions aromatisees  Ingredients : eingembre (35%/) , citronnelle , menthe douce , romarn, reglisse, ardme naturel de ctron ct autres aromnes naturels (5% ardme naturel de miel et autres aromes naturels (2503 arome naturel. GEMBER HONING CITROEN Gearomatiseerde kruideninfusies Ingredienten: gember (35%), Gitronella , zachte munt, rozemarijn , zoethout , natuurlijk aroma van dtoenen andere natuurljkearoma (5%), natuurlijk aroma van honing en andere natuurlijke aroma s (2%], natuurlijke Jiomt consommer dc prelerence avant le (voir ci-dessous) : / Ten minste houdbaar tot (zie onderaan):- conservcr dans un 32g endroit frais et sec; Koel en droog bewaren: Sachets"
51c0oQy7q-L.jpg,Outside Diameter: 2.44 inch 8 1 0 1 1 3 0 8 3 Smallest Caliber: 1.34 inch
51C2LjsOaAL.jpg,Material Polycarbonate Color 008 Clear Frame Item Weight 3.53 Ounces Closure Type Pull On
51CBpypc1JL.jpg,Dia: 30cm/11.81in
51cdCtlooxL.jpg,04 Girth:19.Scm Material:Alloy+Crystal Weight:11.3g
51cF6+JvHbL.jpg,6 3 15.5cm / 6.1in
51CH6vSEWQL.jpg,Net weight 50gm (25gm x Zsachet) Benefits Boost Natural Testosterone Levels & Fertility Increases Stamina & Sexual Performance Maintains Healthy Libido Profile Enhances Athletic Performance & Build Muscle Mass Keeps you Active & Alert
51cI5eHV4lS.jpg,"Absorb odors Purify air 200g of nanocrystalline activated carbon The inside of the mat is with 200g nanocrystalline activated carbon , which can adsorb the formaldehyde and other harmful gases the air, and give you healthy interior environment After long-term use, exposure in the sun can restore the activity of the product andits strong adsorption function: It contains fiiled 200 g"
51CifhfSjbL.jpg,Herbtonio Herbtonio Herbtonio Ubx Vera Leaves Poude LJATAMANsi Powdeb] FloweR Popdl Baabuduttn) Komalnaneckeae W'actt Rott-Shutei 46in420 Exs
51cIV3+HTAL.jpg,4.5CM 7CM 21CM
51cjOL8G02L.jpg,Smm 25mm 24mm Cathode Anode
51cLTuvvERL.jpg,NO DRILLING INSTALLTION Olussen 0 10.94in 4in TTTOOO
51CMGZEV6gS.jpg,21cm/8.3inch 100cm/39.4inch
51cMKiIJviL.jpg,"hc ""WH Vnwn Chn Rahl enth Gildin: JTns sKort0 o Him#mnzi itj#nn Roo tolk h Kon 15*15cm 7scves ccbfulcOud t+ inn*#nir ] a Jmbac 15*15cm ; 5 20*20cm 20*20cm Giln"
51cmyvPh2-L.jpg,"Z()JIRUSHI X5vVXJ-F Slil<e~snbeliee: 'ZQJIRUSHI 7-7 Bdr KcietneaEa BliLKE~sn31 BMO)P4E Z,Ehiy #1OE7Ec 22+iNijptlll IDexe 65cm) ZOJIRUSHI lucol-iLaCr Bulkrcl (s# €aE) SW-EAESO"
51COCFP00wL.jpg,"81/2""H 4V2""W 8""L (CHLD CAT-05 DESIGNS"
51copau8UNL.jpg,6 5 1 1 2 0 J 8 2
51CpyJW+5dL.jpg,27.5 32.2 29.9
51cQu7kDXBL.jpg,2.4inch 21inch 1 size
51CSeYfGlDL.jpg,Width 4.72 inch Depth 1.57 inch 0869eert Height 10.63 inch SIZE W 4.72 inch x H 10.63 inch x D 1.57 inch
51cT5B3VYHL.jpg,"3 PACK (12 oz) 4.4"" 4 2.8"" 2.8"""
51ctZjPEivL.jpg,1600.00 mm 1 1 00 2069 _ mm
51cw1hOA7vL.jpg,3.9in Scm 4.5in /11.5cm /10. 9
51CWp5UJ0dL.jpg,Lorge Size 15CM 34 2 5CM 5CM
51cxC8inMFL.jpg,oy ? B7 Il buono di ogni per Cani taglia piccola cOn Pollo e Coniglio SENZA colorantii; coloranti aggiunti CON Omega Vitawne Ricetta delicata 10Og 6 ADOC Day Day giorno
51CxYx8vYfL.jpg,S-12inch/30cm [ 3
51cY4JjuKoL.jpg,2.8 cm 9 3.2 cm
51cYPExrdML.jpg,"FABTEC_ ' 43cm AMAZE 2Ocm 4.5cm AMAZE 6mm "" I WIRING 24cm AMAZE"
51cyqF78zKL.jpg,Tacrolimus Ointment 0.1% WIw Tacroz Forte Vaue Pach ZxloT 912 #z242 Ointment 20 g Glenmark
51CZOqWcZ1L.jpg,8 8 28 cm 3 9
51D2qj85oGL.jpg,25MM ~ 4 8* 55MM VEXNANO CovtutertstitIrtiet  (Gbsz} Powerd For( [xictt VXOIaG Nb2Gm01498 1-324 DC Mchina alscanner [ #ade ! PoweR' cet 137MM
51D3MJ6CRML.jpg,28.5cm /11.22in 10cm/3.94in
51D45pXzqQL.jpg,"7""~8"" 8mm 4mm"
51d4LeUY0hS.jpg,"6.3"" 12.2"""
51daTQquXPL.jpg,6in/15.2cm 0.44in/1.lcm F Io.4in/lcm
51db2AKVmxL.jpg,3.Oin 0.3 in 3.4 in 2.64in
51DCaDtk26L.jpg,"Spyder 5.1"" Deep Carry Clip 53mm"
51DcVxi5GOS.jpg,230 mm 500 ml 380 g 80 mm
51DDZ9usRyL.jpg,"0 0.39"" 10mm 2 8 1 22mm 0.87"" 70S2 H4 62mm 44"""
51Ded9GgcGL.jpg,14.5cm 8cm
51dElvi0X8L.jpg,"46.5"" 21.5"" 26.5"""
51DfJzmLNFL.jpg,Vo 1 35MM 250MM
51dfkw0IAAL.jpg,"INTEX Krystal Clear Pool Basics"" Pool cover Bache pour piscine Gubre piscina Pool-abdeckung Copertura per piscima= Afdekzell f3.71m (1227 3.96m 7(307) INTEX"""
51DH1Sp5S5L.jpg,"1.0"" 2.6cm 4.4""/11.2cm ""/20.Scm 8.17"
51dhS6a0huL.jpg,Product Size: Base Bracket Length Approx 49.7cm/1.6ft Assembled Diameter Approx 2m/6.6it
51DisjZHJZL.jpg,Ofome COLLECTION A4 CERTIFICATE 21CM X 29.7CM AL1 ARE 'APPROXimATe SIZES
51dNLxUiFJL.jpg,ME JTh> +tz 3*3m @ Til_
51dNr-ZTAKL.jpg,"31.5 II 23.6 Adjustment 7.9 27.2""-45.3 Adjustment Range:458 2.8 11.81 3 29.1"
51dOcjJ+GzL.jpg,ROTARY HAMMER (JPQ 26MM Selective impact drilling mode SDS-Plus tool holder 360 degree rotating side handle with adjustable depth guide Strong; beat and fall resilient metal housing VOLTAGE FREQUENCY WEIGHT POWER NO LOAD SPEED 220V 50Hz 4.7KG 8O0W 1100 RPM
51DqvCxgmfL.jpg,"MAX 55.5"" Adjustable Length 8.75"" 12.25"" RECOMMENDED BULBS SPECIFICATIONS Bulb base:E26 ) Voltage: 110V A-C Bulb wattage: 60W MAX Material: Metal. Glass color: Brushed: Nickel BULBS NOT INCLUDED"
51dS1oQms+S.jpg,teapigs teapigs E 3v9 naturally 50 biodegradable calfeine Iree tea temples 50 biodegradable tca temples 12520/4 403 75g0{2.6402 mao feng green tea chammomile flowers taste teapigs teapigs.
51DsoU74MdL.jpg,12.5 cm 7 cm
51DSYU2eNCL.jpg,30cm 30cmi #SEM 1 15cm width:75cm
51dT71+nggL.jpg,{ 7cm
51DTQrLGn2L.jpg,"Comparison of Bottom Door Sweep Widened Door Sweep Normal Door Sweep Widened Backing Adhesive 1-3/5 Narrow Backing Adhesive 3-2/5"" 1"" 2"" VS Seal gap of 0-1.8"" Seal gap of 0-1"" Widened Backing Adhesive: 1-3/5"" Narrow Backing Adhesive: 1"" More stickness & not peel off Weak stickness & easy off easy peel"
51dU5D5PjDL.jpg,Glengettie favourite in Wales generations 250g € 80 Foil Sealed Tea Tme-HOMEE Haene for Bags
51dvzwclyKL.jpg,330 Milliliter 11.2 Ounces 8.2 CM /3.22 IN 9.5 CM 3.74IN Gulte~ 11.8 CM /4.64 IN (taylor $ version)
51dwcARNnaL.jpg,"Fit Fit 1-1/2"" 1-3/8"" Drain Drain"
51Dx2ZbWkHL.jpg,4.Scml1.77in
51dyXHYyF0L.jpg,6.4 in / 16.5 cm 1.8 in / 4.8 cm
51e+5TvAuVS.jpg,31.4cm 4.7cm 1.85in 26cm 10.24in 36.2cm 14.25in 5.39in 13.Jcm 112.36in
51e07KA5D-L.jpg,1 3 1Omm 33mm 8 28mm
51e0a+pzHXL.jpg,SIZE 12cm 12cm 12cm
51E0p1LC8fL.jpg,"64.38"" 7.87"" 27.38"""
51e5nYF8ofL.jpg,DGE5 syndsuf 3Les Sna 8GE5 syndsuf ALeji BEES syndsuf 3lez
51E5ZfHI4TL.jpg,"8.1""/20.Scm 1 1"
51EbA80srRL.jpg,3 { 2 { U 4cm I1.58inchl
51EdUCWRb4L.jpg,Kg: FAT-100 Powder HIGh ENERGY BYPASS FAT & FARM ANIMALS ~NUTRITIONAL SUPPLEMENT FOR FERMENTATION AND ORTIMIM FOR DAIRY RUMEN 'CONTENT FAT
51eE+pD2+xL.jpg,PRODUCT DETAILS fAbUiCus Day FAauCUs DAS FLORAL FLORA BOUQUET 150 GM SCENTED CANDLE 150 GM
51EeuWyFyaL.jpg,"Height  30"" 88"" 33"" Length Width"
51EFxW9k8nL.jpg,46cm
51EGnJIrD3L.jpg,kola goodies JUST ADD HOT Sri Lankan WATER Milk { { 8 1 05 LATTES 501 Hloz (3lg) each 'RUIIVDU Tea Ceylon ` Tea latte (558) 
51EgVsq6a-L.jpg,Product Size 2.6in 2.3in 4.5in 1.4in 2.95in 2. 1.2in 5.4in 95in
51ejLBR-rPL.jpg,"31.5"" 18.9"" 115.6"" 15.0"" 11.6 Note: There is a possible difference of <0.2"" to all measurements. Weebeaul U("
51EKWd2K0mL.jpg,Taille C4 (229x324mm) 50 pieces AW Style Rabat Couleur Blanc Materiau Papier S
51eMGGjE6IL.jpg,2 0 8 Scm/ 1.97in
51Eo3DuAklL.jpg,"Corrugated hose 12"" PN: 11254-12 W=130g 12"" =30.5 cm"
51EQ3+fCPiL.jpg,+tX 11CM 1.5CM 7.5CM
51EQaukYpUL.jpg,Scent Unscented Item form Flake WAGMESIUM CHLORIDE Cyrn T Pure Product benefits Muscle Therapy Unit count 8000.0 Gram Oum
51er4hICrLL.jpg,"120mm 4-3/4"" 105mm 4"" 62 mm 2-1/2"" 26mm 1-1/32"" 65mm 2-1/2"""
51ercie3+sL.jpg,#J17.Scm #J10.Scm #J10.Scm #J415cc (igjKH;)
51ERZSPakqL.jpg,1 1 Smm
51et0qL6ADL.jpg,0.55in weight:11.5g
51EtFuiY81L.jpg,124mm/4.88in 22mm/O.86in
51euIPZ-oAL.jpg,"36.22"" 33.07"" 32.68"""
51eWbzfSSIL.jpg,Dust cap Oil outlet Quantitative warehouse Quantitative bin capacity: 2Oml Metal Oil guide button Plastic 1 Oil conduit Oil storage bin Oil bottle capacity: 500ml 6.7cm/2.6in ring
51eYPRr2pML.jpg,8 45cm 5
51EYUWqnphL.jpg,1C 9)5 2 3 Total Length: 9 in / 23 cm width: 9 in / 23 cm 61
51ez4M3C2AL.jpg,3 0
51eZG1VgPqS.jpg,JUsT FOLLOW YOUR HEART DETAILED ANAL YSIS 11.5/15.5/19.5/23.5/27.-5/31.-5 inch 2.5 1.1 inch 0.78 inkh 0.35 inch] 1 0 5.5 Product Name: multi towel rack Usage: towel hanging and other Product process: anodized Applicable scope: bathroom toilet / kitchen Main material: space aluminum and other Commodity features: rust free non Surface treatment: technology blackened / colorless Installation method: screw installation inch inch inch layer paint
51F-yjDJWJL.jpg,7 ( 0 53mm
51F2EmjCz0L.jpg,"Size of finished icicles PRODUCT SIZE 4 colors, 1 of each color 1 5.8cm/2.3in 6cm/2.4in J 1 6 1.6cm/0.63in"
51f2fj36ueL.jpg,60CM Beduenty A Foldable Liftable 9OCM U Easy to erase and write Magnetic panel Securing bracket Paper clip
51f2ZP3wa4L.jpg,2.5cm/o.98in { 3
51f6mVMg-TL.jpg,"362"" 1.93"" 19.80"" DELTA"
51F8CfgE6+L.jpg,"8"" 13"" 74"" INCLUDED 12v5w Bulb (2pc) 2pc Zpc Zpc M Zpc 4pc 2pc 2pc"
51fa7GLGEWL.jpg,JuF IP 42 TF 100 Ce 56 6 m the cHML embk Getmany Type: CRS15/6-130 22ovisoHz ~0.454 Po Class MEL Mar [ Fou Max Haad  Umint Nover  run 'pump 'Ompty
51FaeiVOlXL.jpg,"PHOTO SIZE PHOTO SIZE 4"" x6"" PHOTO SIZE 4"" x 6"" 4"" x6"" PHOTO SIZE PHOTO SIZE PHOTO SIZE 4"" x6"" 11.5"" x 6"" 4"" x6"" PHOTO SIZE PHOTO SIZE 4"" x6"" PHOTO SIZE 4"" x6"" 4"" x 6"" FACT YOU SHOULD KNOW Front View Size is 0.5 inches less than Photo Size on any side Picrazee"
51FesQ-3N8L.jpg,"B ca: 24 cm B ca: 13,5 cm 5 4 8 I FASSUNGSVERMOGEN 1,2 L Aufgrund der manuellen Fertigung konnen die MaBe etwas variieren:"
51fF3L2ZmAL.jpg,2.2 in 360 Watts MR16 2.6 in Dichroic Bulb GY5.3 2-Flat Pins technical precision 5 B R | N G | N G E N E R G Y T 0 L | F E
51FFn53LIvL.jpg,PERPETUAL 25cm 35.5cm 42cm Capacidad: 35 litros Peso maximo soportado: 35 kilos
51fgeR3vpuL.jpg,Perimeter22+5cm Perimeter22+5cm Weight:1 4g Material: Condition: Brand new Packing: Separate packaging Alloy
51fIM569-3L.jpg,"38cm/14.82"" 18cm/7.02"""
51fkT8dTFPL.jpg,17*10*32cm 32cm 17cm 120g 1Ocm
51fKv4LSoyL.jpg,0.9 inch (23mm) 0.4 inch (1Omm) Hole Center: 3.75 inch (96mm) 1.8 inch (46mm) Total Length: 4.4 inch (114mm)
51FLmwYD78L.jpg,"1 29cm/11.42"" DiNosaup J"
51fmjkJTmNL.jpg,"CARD 13 0 5 I 1 6 312"" 2 7 +2 3 8 4 4 #6456 Addition Teacher Created Resources 512"""
51fR1iSeomL.jpg,2 55inch 7. 87inch
51fRDg5jv3L.jpg,spinner Stainless steel IP black plating Matte finished Weight:8g 8mm 2.4mm
51FXUfynCfL.jpg,14CM 5.5CM 7CM 1O0G
51g++J+qYNL.jpg,[ 3 25cm/9.84in
51G-lh2uwkL.jpg,"25"" 7.3"" 4.6"" 25.9"" 13.1"" 30.22"" 54"" 15.6"""
51G0uVY0zgL.jpg,"U L 9 1 ~ 37 ~ 30 40 cm(14.6"" cm(1l.8"" cm(15.7"""
51G1tQXBi9S.jpg,IP black plating matte finished 8mm tungsten carbide IP blue plating Weight:14.7g TuncsteN CAEEDE
51G2RpwByIL.jpg,"uSI SIZE CHART Please Me 7 5 Me the Uunbeatadle circumnlerence o/ your hand belom knuckles BOXING GLOveS CIRcUMFERENCE SIZE 11.00 - 12.50cm 40z 12.50 - 14.OOcm 60z Junior 14.00 16.5Ocm 16.50 - 19.OOcm 10oz SMM 19.00 21.sOcm 120z 21.50 24.OOcm 140z- VXL 24.00 - 26.5ocm 160z In Amateur competition, 10 02, 12 0z gloves are used. In Professional competition, 08 2,10 0z gloves are used. Heavier gloves are recommended for better workoul: Please try on the product for best Iit. 80z"
51G2w02jESS.jpg,28cm 33cm 92cm 67cm 42cm
51g3jLlgrDL.jpg,EnERGh Lumare 43415 Lumare Lichtquelle 4W ZL-THD46F1CZ A B C D E F F G kWh/1oooh 1
51G5QnWDi+L.jpg,Width Length 9.5inch 9.Sinch Depth 0.98inch
51gakgJsqxL.jpg,"3"" 7.6cm 6"" 15.2cm 129.2cm 11.5"""
51gARcNqftL.jpg,"ZEMAHOME Bath Collection 12"" x 809 Extra Long Size Gurtain This One 36"" Narrow Size Standard Size Extra Long Size Easily Fits Most Standard Size Bathtubs & Showers, Suit with Straightlcurved Shower Rods"
51GdBUVEbEL.jpg,Sk old CAGE & AVIARY FOOD ShyGold GourMeT Foreign Finch z0k9
51GdvBjsjgL.jpg,33cm {15cm 22cm 8 8 8 43cm
51geIl7BSLL.jpg,"No tools needed Fits 19,2 31 , 8 mm (drop-)bars Messing KG 37g 41 mm (Bell) 44 mm 32 mm zmin 1gs8C"
51gFkDYbDHL.jpg,"length 115CM 8 8 6 RINGS material aluminum + acrylic color white size 115CM X 8OCM Suitable space 18-30m"" 86w power"
51GgJdf+IBL.jpg,Beads size:8*1OMM Weight:1 8g 56CM 2
51GGRwDX10L.jpg,7 2e.0m515m 12.5cm/4.92in 2Ocm/7.87in
51gikRJ5oxS.jpg,5.7' 3.74'
51GLq6VRZzL.jpg,"ENERG# Kanlux TOMIv2 4,9W GU1O-WW A B C 3 1 F F G 5 kWh/1OOOh 1"
51gMITAH65L.jpg,"^ 5"" 5 g 4.52 in 11.5 cm"
51gn0aL3k1S.jpg,Product Size 8 Weight:230g 13cm 35cm
51gNM-vEPSL.jpg,7 8 72in 58mm/2.28in 120mm/4
51GNP6hYL8L.jpg,4cm/1.57in 11.5cm/4.52in
51Go3bfKIoL.jpg,12cm
51GWr1F+D+L.jpg,PHOTOL;8 30x40 cm 32 cm MDF Holz Acrylglas Aufhanger MDF wood acrylic glass wall mount 1 1 1 1 1 1 { 0 3
51gx-07wRVL.jpg,"0 1 3 98 6 71 cm(38. cm(28"""
51gxax6c+OL.jpg,"5'6"" 47 c1nn 1"
51GXokWkKBS.jpg,8 8 5 2 F 1 8 Litre Water Bottle 3.4 Inch 8.3 cm 6.1 Inch 15.4 cm
51h8hrXEzhL.jpg,Limit capacity _ 10 oz 4.3in 2.3in Microwave Safe Freezer Safe Space Saving Dishwasher Safe Oven Safe Lead-Free
51hbf6ZiEwL.jpg,Taille 75 CM Materiau Fonte Couleur KLapstEr Noir Source d'alimentation Alimente au Gaz
51hBLZGuRfL.jpg,18cm
51HF7FU8CnL.jpg,120mm/4.72in 1200mm/47.24in 170mm/6.7in 75mm/2.95in 30mm/1.18in
51hfJsqngxL.jpg,2.8 inch 1.5 inch 1.2 inch
51hFvXuKynL.jpg,'SMaRT SENSORLiGhi 3 3 25mm GOmm 8Omm 43mm
51HjJ-J9JrL.jpg,1 15mm
51HM47b9qtL.jpg,Towel Size Guide Bath Sheet 140 x 80 cm Bath Towel 120 x 70 cm Hand Towel 80 x 50 cm Face Towel 30 x 30 cm
51HmogWy9IL.jpg,2.75 inch 1 Drainage Hole 8
51Hn-o-GnpL.jpg,1.2mm 18mm 18mm 1Omm 42mm 600mm
51HQbMKV6PL.jpg,62mm 2.4in 5Omm 2in Size: Approx.50 x 58 x 62mm / 2 x 2.3 x 2.4in
51hSOJ1VKgL.jpg,12 inch 12 inch
51htjPTQReL.jpg,883 651m
51hukkCxyBL.jpg,TALLA Profundizary agrandar 25cm Llulululullw 25cm 9 7
51hUQbl6xKL.jpg,"64"" 23"" 2"" 34"""
51HuzNN6jwL.jpg,TWO SIZES TO MATCH 130mm J6Omm 50nm 25mm 1 370mm 1 8
51hvEbluCLL.jpg,"Standard 2  26"" 66cm"
51hXvP6pbiL.jpg,Embassy Embassy Premium Kitchenware QUALIT 5 Cm Cookware Diameter 9.4 CM Capacity : 350 MLI 0.35 Litre Embassy 
51i-Oxra5OL.jpg,3 3 1 6 CLBD 17cm 13cm 4cm 29cm 31cm 2lcm Mp
51i7YQqeg4L.jpg,VITRUVIN Trans-Resveratrol 5ooMG Supports Heart Health*; Promotes Good Blood Pressure* Improves Energy* GLUTEN VEGAN GMO NON GELATIN FREE GMO FREE 30 Capsules Dietary Supplement
